{"cameraMode":{"drawMode":0,"name":"Shaded","section":"Shading Mode"},"sceneLighting":false,"audioPlay":false,"sceneViewState":{"m_AlwaysRefresh":false,"showFog":true,"showSkybox":false,"showFlares":true,"showImageEffects":true,"showParticleSystems":true,"showVisualEffectGraphs":true,"m_FxEnabled":true},"in2DMode":false,"pivot":{"x":0.008490089327096939,"y":0.07512953132390976,"z":-0.08009818941354752},"rotation":{"x":0.42734503746032717,"y":0.07282786071300507,"z":-0.03456150367856026,"w":0.9004887938499451},"size":0.12737295031547547,"orthographic":true}